Id,Name,Status,"Apply to Customers","Customer Tags","Exclude Customer Tags","Apply to Products","Apply to Products Variants","Product Collection Ids","Product Ids","Product Variant Id","Product Tags","Start Date","End Date","Discount Groups",NOSTOS,Hulee,prueba,Ajeno,Tetetlan,Rosetta,Marmota,"Mundo Gourmet",Brava,Escorial,Nino,Lotti,Jamil,tsingtao,Meroma,Pujol,Revuelta,"Grupo Zeru","Carlos Salame",Jorge,fierro,Ciena,ADP,"Camino Real",Rufus,Cantina,Broka,"La Polanqueña","Lucrezio y Maralunga",Suppli,Anonimo,Feral,"San Angel Inn",Erre,Martinez,Cueva,Norman,"Grupo FGG",Gaba,Freims,Gruta,Salazar,Merotoro,MCS,MINUTITO,ZERU
78959,NOSTOS,active,"Customer Tags",NOSTOS,,"Specific products",TRUE,,8838206587156,47151970877716,,,,fixed-amount,383.62
78959,,,,,,,,,8990681071892,50040806736148,,,,fixed-amount,362.07
78959,,,,,,,,,8183111483668,49494565814548,,,,fixed-amount,365.69
78959,,,,,,,,,8183106732308,49448476311828,,,,fixed-amount,293.10
78959,,,,,,,,,8183106404628,49448477098260,,,,fixed-amount,382.89
78959,,,,,,,,,8838200590612,47151962292500,,,,fixed-amount,422.41
78959,,,,,,,,,8838188499220,47151951380756,,,,fixed-amount,318.97
78959,,,,,,,,,8183184294164,50040824987924,,,,fixed-amount,500.00
78959,,,,,,,,,8183107780884,49448477557012,,,,fixed-amount,318.97
78959,,,,,,,,,8183132815636,50040805720340,,,,fixed-amount,625.00
78959,,,,,,,,,8183124427028,49448499020052,,,,fixed-amount,226.29
78959,,,,,,,,,8183128195348,50040802378004,,,,fixed-amount,758.62
78959,,,,,,,,,8183128097044,49448503247124,,,,fixed-amount,2851.29
78959,,,,,,,,,8763581301012,50040826855700,,,,fixed-amount,298.71
78959,,,,,,,,,10028262850836,51574393798932,,,,fixed-amount,577.59
78959,,,,,,,,,9555829195028,49674936353044,,,,fixed-amount,534.90
77163,"Restaurante Hule",active,"Customer Tags",Hulee,,"Specific products",TRUE,,8529519509780,49674929504532,,"2026-06-16 17:06:00",,fixed-amount,451.00
77163,,,,,,,,,9573330321684,49487272116500,,,,fixed-amount,451.00
77163,,,,,,,,,8990680318228,50040804245780,,,,fixed-amount,405.17
74814,prueba,active,"Customer Tags",prueba,,"Specific products",TRUE,,8589633618196,50040838062356,,"2026-05-20 21:05:58",,fixed-amount,9614.78
74814,,,,,,,,,8183102636308,50040838127892,,,,fixed-amount,7562.76
74559,Ajeno,active,"Customer Tags",Ajeno,,"Specific products",TRUE,,8183098900756,49448465989908,,"2026-05-12 22:05:33",,fixed-amount,264.66
74559,,,,,,,,,8183111450900,49448484995348,,,,fixed-amount,317.24
74559,,,,,,,,,8183108698388,49448478802196,,,,fixed-amount,169.83
74559,,,,,,,,,8183116267796,49448486699284,,,,fixed-amount,125.00
74559,,,,,,,,,8183114367252,49448485683476,,,,fixed-amount,140.52
74559,,,,,,,,,8183178658068,50040822071572,,,,fixed-amount,438.79
74559,,,,,,,,,8183137206548,50040810799380,,,,fixed-amount,529.31
74559,,,,,,,,,8183107780884,49448477557012,,,,fixed-amount,306.90
74300,Tetetlan,active,"Customer Tags",Tetetlan,,"Specific products",TRUE,,8838206587156,47151970877716,,"2026-05-05 20:05:07",,fixed-amount,437.93
74300,,,,,,,,,8838200590612,47151962292500,,,,fixed-amount,520.00
74300,,,,,,,,,8838188499220,47151951380756,,,,fixed-amount,420.00
74300,,,,,,,,,8183098900756,49448465989908,,,,fixed-amount,258.62
74300,,,,,,,,,8183107518740,49448477294868,,,,fixed-amount,344.83
74300,,,,,,,,,8183109648660,49448479883540,,,,fixed-amount,400.86
74300,,,,,,,,,8183111123220,49448486732052,,,,fixed-amount,389.66
74300,,,,,,,,,8183127146772,49448502034708,,,,fixed-amount,318.97
74300,,,,,,,,,8183128195348,50040802378004,,,,fixed-amount,771.98
74300,,,,,,,,,8183132815636,50040805720340,,,,fixed-amount,732.76
74300,,,,,,,,,8990681071892,50040806736148,,,,fixed-amount,379.31
69298,Rosetta,active,"Customer Tags",Rosetta,,"Specific products",TRUE,,8838214680852,47151984967956,,"2026-04-22 00:04:24",,fixed-amount,475.86
69298,,,,,,,,,8838206587156,47151970877716,,,,fixed-amount,351.72
69298,,,,,,,,,8838200590612,47151962292500,,,,fixed-amount,518.00
69298,,,,,,,,,8838188499220,47151951380756,,,,fixed-amount,374.00
67575,Marmota,active,"Customer Tags",Marmota,,"Specific products",TRUE,,8645509382420,46691355001108,,"2026-03-31 18:03:00",,fixed-amount,351.72
67575,,,,,,,,,10125204914452,51994249134356,,,,fixed-amount,620.00
66433,Gourmet,active,"Customer Tags","Mundo Gourmet",,"Specific products",TRUE,,8838214680852,47151984967956,,"2026-03-19 22:03:28",,fixed-amount,495.69
66433,,,,,,,,,8838206587156,47151970877716,,,,fixed-amount,405.17
66433,,,,,,,,,8628950532372,46649697009940,,,,fixed-amount,202.59
66433,,,,,,,,,8628950139156,46649695535380,,,,fixed-amount,202.59
66433,,,,,,,,,8628946829588,46649685377300,,,,fixed-amount,314.66
66433,,,,,,,,,8628951974164,46649701400852,,,,fixed-amount,336.21
66433,,,,,,,,,8628947976468,46649688031508,,,,fixed-amount,362.07
66433,,,,,,,,,8708741103892,46807670096148,,,,fixed-amount,530.17
66433,,,,,,,,,8708741759252,46807671177492,,,,fixed-amount,612.07
66433,,,,,,,,,8838200590612,47151962292500,,,,fixed-amount,475.00
66433,,,,,,,,,8838188499220,47151951380756,,,,fixed-amount,395.00
66433,,,,,,,,,9015303667988,47796254277908,,,,fixed-amount,100.00
66433,,,,,,,,,9834394091796,50402103132436,,,,fixed-amount,887.93
66433,,,,,,,,,9834394059028,50402103066900,,,,fixed-amount,887.93
66433,,,,,,,,,9834394157332,50402103263508,,,,fixed-amount,887.93
66433,,,,,,,,,9071253618964,47954095702292,,,,fixed-amount,190.00
66226,Brava,active,"Customer Tags",Brava,,"Specific products",TRUE,,8183107518740,49448477294868,,"2026-03-11 20:03:08",,fixed-amount,310.34
66226,,,,,,,,,8183124721940,49597982310676,,,,fixed-amount,133.62
66226,,,,,,,,,8183137206548,50040810799380,,,,fixed-amount,564.66
66226,,,,,,,,,8183111123220,49448486732052,,,,fixed-amount,370.69
66226,,,,,,,,,8183098900756,49448465989908,,,,fixed-amount,275.86
66226,,,,,,,,,8183117578516,49448488567060,,,,fixed-amount,508.62
66077,Escorial,active,"Customer Tags",Escorial,,"Specific products",TRUE,,8183124754708,49448499249428,,"2026-03-09 18:03:16",,fixed-amount,162.07
66077,,,,,,,,,8183132619028,50040805523732,,,,fixed-amount,305.17
66077,,,,,,,,,8183111123220,49448486732052,,,,fixed-amount,353.45
66077,,,,,,,,,8183107780884,49448477557012,,,,fixed-amount,300.72
66077,,,,,,,,,8183109648660,49448479883540,,,,fixed-amount,363.79
66001,Nino,active,"Customer Tags",Nino,,"Specific products",TRUE,,8838206587156,47151970877716,,"2026-03-07 02:03:27",,fixed-amount,351.72
66001,,,,,,,,,8838188499220,47151951380756,,,,fixed-amount,384
66001,,,,,,,,,8183117578516,49448488567060,,,,fixed-amount,487.07
66001,,,,,,,,,8183175512340,49448466186516,,,,fixed-amount,206.90
66001,,,,,,,,,8183111450900,49448484995348,,,,fixed-amount,315.52
66001,,,,,,,,,8183107518740,49448477294868,,,,fixed-amount,318.10
66001,,,,,,,,,8183191929108,50040828723476,,,,fixed-amount,1267.24
66001,,,,,,,,,8183138681108,50040812372244,,,,fixed-amount,706.90
66001,,,,,,,,,8183098966292,49448466317588,,,,fixed-amount,336.21
66001,,,,,,,,,8183108534548,49448478540052,,,,fixed-amount,745.69
66001,,,,,,,,,8183109091604,49448479097108,,,,fixed-amount,965.52
66001,,,,,,,,,8183111123220,49448486732052,,,,fixed-amount,336.21
66001,,,,,,,,,8183124754708,49448499249428,,,,fixed-amount,168.97
66001,,,,,,,,,8990680318228,50040804245780,,,,fixed-amount,426.72
66001,,,,,,,,,8581251531028,50040813125908,,,,fixed-amount,572.41
66001,,,,,,,,,8183180427540,50040823120148,,,,fixed-amount,241.38
66001,,,,,,,,,8183177511188,50040821612820,,,,fixed-amount,602.59
66001,,,,,,,,,8581269356820,50040829608212,,,,fixed-amount,377.59
66001,,,,,,,,,8581269389588,50040829640980,,,,fixed-amount,353.45
65732,Lotti,active,"Customer Tags",Lotti,,"Specific products",TRUE,,8183180427540,50040823120148,,"2026-02-27 20:02:18",,fixed-amount,213.79
65732,,,,,,,,,8183117578516,49448488567060,,,,fixed-amount,534.48
65732,,,,,,,,,8183111123220,49448486732052,,,,fixed-amount,353.45
65732,,,,,,,,,8183178658068,50040822071572,,,,fixed-amount,453.45
65731,Jamil,active,"Customer Tags",Jamil,,"Specific products",TRUE,,8183098900756,49448465989908,,"2026-02-27 20:02:34",,fixed-amount,280.86
65731,,,,,,,,,8183107518740,49448477294868,,,,fixed-amount,401.83
65731,,,,,,,,,8183107780884,49448477557012,,,,fixed-amount,311.59
65731,,,,,,,,,8183108534548,49448478540052,,,,fixed-amount,762.21
65731,,,,,,,,,8183109648660,49448479883540,,,,fixed-amount,405.21
65731,,,,,,,,,8183111123220,49448486732052,,,,fixed-amount,376.45
65731,,,,,,,,,8183111450900,49448484995348,,,,fixed-amount,346.84
65731,,,,,,,,,8183114367252,49448485683476,,,,fixed-amount,146.35
65731,,,,,,,,,8183117578516,49448488567060,,,,fixed-amount,578.68
65731,,,,,,,,,8183118135572,49448490270996,,,,fixed-amount,392.53
65731,,,,,,,,,8183118430484,49448491581716,,,,fixed-amount,473.74
65731,,,,,,,,,8183121740052,49448497414420,,,,fixed-amount,406.91
65731,,,,,,,,,8183132619028,50040805523732,,,,fixed-amount,314.69
65731,,,,,,,,,8183132815636,50040805720340,,,,fixed-amount,614.30
65731,,,,,,,,,8183137206548,50040810799380,,,,fixed-amount,555.29
65731,,,,,,,,,8581251531028,50040813125908,,,,fixed-amount,610.49
65731,,,,,,,,,8183143825684,50040831639828,,,,fixed-amount,150.86
63941,tsingtao,active,"Customer Tags",tsingtao,,"Specific products",TRUE,,8883871154452,47298372534548,,"2026-02-13 22:02:26",,fixed-amount,990.12
60524,Meroma,active,"Customer Tags",Meroma,,"Specific products",TRUE,,8183098900756,49448465989908,,"2026-01-13 23:01:53",,fixed-amount,277.59
60524,,,,,,,,,8183107518740,49448477294868,,,,fixed-amount,332
60524,,,,,,,,,8183108862228,49448478998804,,,,fixed-amount,679.30
60524,,,,,,,,,8183109648660,49448479883540,,,,fixed-amount,415.00
60524,,,,,,,,,8183111123220,49448486732052,,,,fixed-amount,357.76
60524,,,,,,,,,8183111450900,49448484995348,,,,fixed-amount,330.16
60524,,,,,,,,,8183111942420,49448485519636,,,,fixed-amount,1073.28
60524,,,,,,,,,8183111975188,49448485617940,,,,fixed-amount,468.09
60524,,,,,,,,,8183115415828,49448484962580,,,,fixed-amount,431.90
60524,,,,,,,,,8183116267796,49448486699284,,,,fixed-amount,150.85
60524,,,,,,,,,8183117578516,49448488567060,,,,fixed-amount,550.00
60524,,,,,,,,,8183118430484,49448491581716,,,,fixed-amount,431.90
60524,,,,,,,,,8183124754708,49448499249428,,,,fixed-amount,154.30
60524,,,,,,,,,8183143825684,50040831639828,,,,fixed-amount,156.03
60524,,,,,,,,,8183178658068,50040822071572,,,,fixed-amount,448.28
60524,,,,,,,,,8183180427540,50040823120148,,,,fixed-amount,214.66
60524,,,,,,,,,8183180886292,50040823218452,,,,fixed-amount,454.30
60205,Pujol,,"Customer Tags",Pujol,,"Specific products",TRUE,,8603697479956,46567930495252,,,,percent,
54751,Revuelta,active,"Customer Tags",Revuelta,,"Specific products",TRUE,,8183098900756,49448465989908,,"2025-12-08 21:12:07",,fixed-amount,265.52
54751,,,,,,,,,8183175414036,49448466088212,,,,fixed-amount,222
54751,,,,,,,,,8183108698388,49448478802196,,,,fixed-amount,212
54751,,,,,,,,,8183111123220,49448486732052,,,,fixed-amount,375.00
54751,,,,,,,,,8183111450900,49448484995348,,,,fixed-amount,336.21
54751,,,,,,,,,8183114367252,49448485683476,,,,fixed-amount,149
54751,,,,,,,,,8183117578516,49448488567060,,,,fixed-amount,555
54751,,,,,,,,,8183124721940,49597982310676,,,,fixed-amount,139
54751,,,,,,,,,8183180427540,50040823120148,,,,fixed-amount,238
40127,"Grupo Zeru",active,"Customer Tags","Grupo Zeru",,"Specific products",TRUE,,9191483375892,48325915934996,,"2025-09-23 23:09:59",,fixed-amount,689.65
40127,,,,,,,,,8183178658068,50040822071572,,,,fixed-amount,457
40127,,,,,,,,,8183187374356,50040826560788,,,,fixed-amount,642.24
40127,,,,,,,,,8183098900756,49448465989908,,,,fixed-amount,267.24
40127,,,,,,,,,8183109648660,49448479883540,,,,fixed-amount,378.45
40127,,,,,,,,,8183107518740,49448477294868,,,,fixed-amount,301.72
40127,,,,,,,,,8183117578516,49448488567060,,,,fixed-amount,496.55
40127,,,,,,,,,8183117086996,49448489222420,,,,fixed-amount,288.79
40127,,,,,,,,,8183111450900,49448484995348,,,,fixed-amount,327.59
40127,,,,,,,,,8183111123220,49448486732052,,,,fixed-amount,357.76
40127,,,,,,,,,8183118135572,49448490270996,,,,fixed-amount,383.62
40127,,,,,,,,,8183121740052,49448497414420,,,,fixed-amount,375.00
40127,,,,,,,,,8183124754708,49448499249428,,,,fixed-amount,164.00
40127,,,,,,,,,8990681104660,50040806867220,,,,fixed-amount,529.00
40127,,,,,,,,,8183137206548,50040810799380,,,,fixed-amount,534.48
40127,,,,,,,,,8183132815636,50040805720340,,,,fixed-amount,681.03
40127,,,,,,,,,8990681071892,50040806736148,,,,fixed-amount,446.55
40127,,,,,,,,,8183143825684,50040831639828,,,,fixed-amount,150.86
39945,"Carlos Salame",active,"Customer Tags","Carlos Salame",,"Specific products",TRUE,,8183143825684,50040831639828,,"2025-09-18 23:09:45",,fixed-amount,142.24
39945,,,,,,,,,8183132815636,50040805720340,,,,fixed-amount,737.07
39945,,,,,,,,,8183098900756,49448465989908,,,,fixed-amount,262.93
39945,,,,,,,,,8183107518740,49448477294868,,,,fixed-amount,396.55
39945,,,,,,,,,8183127146772,49448502034708,,,,fixed-amount,333.97
39945,,,,,,,,,8183124754708,49448499249428,,,,fixed-amount,165.52
39945,,,,,,,,,8715179294996,49674930356500,,,,fixed-amount,370.69
39945,,,,,,,,,8183108043028,49448477950228,,,,fixed-amount,560.34
39945,,,,,,,,,8183108075796,49448478048532,,,,fixed-amount,560.34
39945,,,,,,,,,8581241897236,49448487190804,,,,fixed-amount,301.72
39945,,,,,,,,,8183111942420,49448485519636,,,,fixed-amount,1025
39945,,,,,,,,,8183098966292,49448466317588,,,,fixed-amount,331.90
39945,,,,,,,,,8183109648660,49448479883540,,,,fixed-amount,407.00
39945,,,,,,,,,8183108534548,49448478540052,,,,fixed-amount,784.48
39945,,,,,,,,,8183111123220,49448486732052,,,,fixed-amount,377.00
39945,,,,,,,,,8183116267796,49448486699284,,,,fixed-amount,162.58
39945,,,,,,,,,8183111975188,49448485617940,,,,fixed-amount,504.31
39945,,,,,,,,,8581251531028,50040813125908,,,,fixed-amount,612.00
38843,"Jorge de la Mora",active,"Customer Tags",Jorge,,"Specific products",TRUE,,8183132815636,50040805720340,,"2025-09-09 01:09:55",,fixed-amount,715.52
38843,,,,,,,,,8183108534548,49448478540052,,,,fixed-amount,715.00
38843,,,,,,,,,8183109648660,49448479883540,,,,fixed-amount,407.00
38843,,,,,,,,,8990681071892,50040806736148,,,,fixed-amount,441.87
38843,,,,,,,,,8990681104660,50040806867220,,,,fixed-amount,550
38843,,,,,,,,,8183137206548,50040810799380,,,,fixed-amount,552.00
38843,,,,,,,,,8183118135572,49448490270996,,,,fixed-amount,390.00
38843,,,,,,,,,8183127146772,49448502034708,,,,fixed-amount,325
38843,,,,,,,,,8183098900756,49448465989908,,,,fixed-amount,290
27751,"Fierro Cantina",active,"Customer Tags",fierro,,"Specific products",TRUE,,8183098900756,49448465989908,,"2025-08-26 23:08:59",,fixed-amount,267.24
27751,,,,,,,,,8183098966292,49448466317588,,,,fixed-amount,331.90
27751,,,,,,,,,8183175414036,49448466088212,,,,fixed-amount,223
27751,,,,,,,,,8183108534548,49448478540052,,,,fixed-amount,715.00
27751,,,,,,,,,8183109648660,49448479883540,,,,fixed-amount,407.00
27751,,,,,,,,,8183111123220,49448486732052,,,,fixed-amount,377.00
27751,,,,,,,,,8183116267796,49448486699284,,,,fixed-amount,171.55
27751,,,,,,,,,8183111450900,49448484995348,,,,fixed-amount,343.97
27751,,,,,,,,,8183115415828,49448484962580,,,,fixed-amount,420.00
27751,,,,,,,,,8183124721940,49597982310676,,,,fixed-amount,135.00
27751,,,,,,,,,8183124754708,49448499249428,,,,fixed-amount,165.34
27751,,,,,,,,,8990681104660,50040806867220,,,,fixed-amount,522.00
27751,,,,,,,,,8990681071892,50040806736148,,,,fixed-amount,441.87
27751,,,,,,,,,8183187374356,50040826560788,,,,fixed-amount,737.80
27751,,,,,,,,,8183191929108,50040828723476,,,,fixed-amount,1300.00
27515,Ciena,active,"Customer Tags",Ciena,,"Specific products",TRUE,,8183178658068,50040822071572,,"2025-08-20 22:08:33",,fixed-amount,438.79
27515,,,,,,,,,8183098900756,49448465989908,,,,fixed-amount,258.62
27515,,,,,,,,,8183124721940,49597982310676,,,,fixed-amount,134.48
27515,,,,,,,,,8183139565844,50040813093140,,,,fixed-amount,517.24
27515,,,,,,,,,8183111123220,49448486732052,,,,fixed-amount,353.45
27515,,,,,,,,,8183117578516,49448488567060,,,,fixed-amount,501.72
26243,"Agua de Piedra",active,"Customer Tags",ADP,,"Specific products",TRUE,,8838214680852,47151984967956,,"2025-07-24 18:07:59",,fixed-amount,535.96
26243,,,,,,,,,8838206587156,47151970877716,,,,fixed-amount,400.92
26243,,,,,,,,,8838200590612,47151962292500,,,,fixed-amount,507.45
26243,,,,,,,,,8838188499220,47151951380756,,,,fixed-amount,390.14
26066,"Camino Real",active,"Customer Tags","Camino Real",,"Specific products",TRUE,,8628946829588,46649685377300,,"2025-07-21 21:07:08",,fixed-amount,331.29
26066,,,,,,,,,8628950532372,46649697009940,,,,fixed-amount,193.66
26066,,,,,,,,,8628950139156,46649695535380,,,,fixed-amount,193.66
26066,,,,,,,,,8628947976468,46649688031508,,,,fixed-amount,362.65
26066,,,,,,,,,8628951974164,46649701400852,,,,fixed-amount,331.29
24383,Rufus,active,"Customer Tags",Rufus,,"Specific products",TRUE,,8990681071892,50040806736148,,"2025-07-04 21:07:40",,fixed-amount,448.28
24383,,,,,,,,,8183175512340,49448466186516,,,,fixed-amount,202.59
24383,,,,,,,,,8183111450900,49448484995348,,,,fixed-amount,349.14
24383,,,,,,,,,8183111123220,49448486732052,,,,fixed-amount,387.93
24383,,,,,,,,,8183098900756,49448465989908,,,,fixed-amount,262.93
24383,,,,,,,,,8183180427540,50040823120148,,,,fixed-amount,257.76
24286,"Cantina Monterrey",active,"Customer Tags",Cantina,,"Specific products",TRUE,,8183109648660,49448479883540,,"2025-06-24 16:06:00",,fixed-amount,375.00
24286,,,,,,,,,8183107780884,49448477557012,,,,fixed-amount,330
24286,,,,,,,,,8183111450900,49448484995348,,,,fixed-amount,339
24286,,,,,,,,,8183118135572,49448490270996,,,,fixed-amount,390
24286,,,,,,,,,8183124754708,49448499249428,,,,fixed-amount,165.34
24286,,,,,,,,,8183124721940,49597982310676,,,,fixed-amount,135
24286,,,,,,,,,8183132520724,50040805359892,,,,fixed-amount,334
24286,,,,,,,,,8183137206548,50040810799380,,,,fixed-amount,552
24286,,,,,,,,,8183180427540,50040823120148,,,,fixed-amount,208.62
24286,,,,,,,,,8183114367252,49448485683476,,,,fixed-amount,163.79
24286,,,,,,,,,8183187374356,50040826560788,,,,fixed-amount,737.80
24286,,,,,,,,,8183098900756,49448465989908,,,,fixed-amount,262
24286,,,,,,,,,8183175512340,49448466186516,,,,fixed-amount,202.59
24286,,,,,,,,,8183175414036,49448466088212,,,,fixed-amount,223
24286,,,,,,,,,8183143825684,50040831639828,,,,fixed-amount,145.00
24286,,,,,,,,,8183108043028,49448477950228,,,,fixed-amount,578.00
23851,Broka,active,"Customer Tags",Broka,,"Specific products",TRUE,,8183098900756,49448465989908,,"2025-06-17 17:06:00",,fixed-amount,262.00
23851,,,,,,,,,8183106732308,49448476311828,,,,fixed-amount,315.00
23851,,,,,,,,,8183109648660,49448479883540,,,,fixed-amount,407.00
23851,,,,,,,,,8183107518740,49448477294868,,,,fixed-amount,332
23851,,,,,,,,,8183111942420,49448485519636,,,,fixed-amount,1040.00
23851,,,,,,,,,8183111450900,49448484995348,,,,fixed-amount,339.00
23851,,,,,,,,,8183111123220,49448486732052,,,,fixed-amount,377.00
23851,,,,,,,,,8183118430484,49448491581716,,,,fixed-amount,474.14
23851,,,,,,,,,8183127146772,49448502034708,,,,fixed-amount,304.97
23851,,,,,,,,,8183139565844,50040813093140,,,,fixed-amount,510.00
23851,,,,,,,,,8183137206548,50040810799380,,,,fixed-amount,552.00
23851,,,,,,,,,8183180886292,50040823218452,,,,fixed-amount,440.00
23851,,,,,,,,,8183187374356,50040826560788,,,,fixed-amount,750.00
21740,"La Polanqueña",,"Customer Tags","La Polanqueña","La Polanqueña","Specific products",TRUE,,8183107780884,49448477557012,,"2025-05-21 20:05:10",,fixed-amount,310.34
21740,,,,,,,,,8183121215764,49448496070932,,,,fixed-amount,465.52
21740,,,,,,,,,8183127671060,49448502624532,,,,fixed-amount,200.00
21740,,,,,,,,,8183132487956,50040805294356,,,,fixed-amount,257.76
21740,,,,,,,,,8183137206548,50040810799380,,,,fixed-amount,538.79
21740,,,,,,,,,8183139565844,50040813093140,,,,fixed-amount,482.76
21740,,,,,,,,,8183143825684,50040831639828,,,,fixed-amount,133.62
21740,,,,,,,,,8183180165396,50040822858004,,,,fixed-amount,171.55
21740,,,,,,,,,8183187374356,50040826560788,,,,fixed-amount,741.38
21338,"Lucrezio y Maralunga",active,"Customer Tags","Lucrezio y Maralunga",,"Specific products",TRUE,,8183135273236,50040808898836,,"2025-05-14 23:05:07",,fixed-amount,250.00
21338,,,,,,,,,8183128195348,50040802378004,,,,fixed-amount,779.31
21338,,,,,,,,,8183180427540,50040823120148,,,,fixed-amount,276.72
21338,,,,,,,,,8183107518740,49448477294868,,,,fixed-amount,358.62
21338,,,,,,,,,8990681104660,50040806867220,,,,fixed-amount,511.21
21338,,,,,,,,,8183098900756,49448465989908,,,,fixed-amount,260.24
21338,,,,,,,,,8183117578516,49448488567060,,,,fixed-amount,517.24
21338,,,,,,,,,8183132520724,50040805359892,,,,fixed-amount,311.72
21338,,,,,,,,,8183108534548,49448478540052,,,,percent,
21338,,,,,,,,,8183111450900,49448484995348,,,,percent,
21338,,,,,,,,,8183100866836,49448469332244,,,,percent,
21338,,,,,,,,,8183117086996,49448489222420,,,,fixed-amount,281.03
21338,,,,,,,,,8183111942420,49448485519636,,,,fixed-amount,1090.52
21338,,,,,,,,,8581251531028,50040813125908,,,,fixed-amount,594.28
21338,,,,,,,,,8183191929108,50040828723476,,,,fixed-amount,1293.10
21338,,,,,,,,,8183118430484,49448491581716,,,,fixed-amount,403.10
21338,,,,,,,,,8183115415828,49448484962580,,,,fixed-amount,413.79
21338,,,,,,,,,8183137206548,50040810799380,,,,fixed-amount,527.59
21338,,,,,,,,,8183118135572,49448490270996,,,,fixed-amount,379.31
21338,,,,,,,,,8183111123220,49448486732052,,,,fixed-amount,349.14
21338,,,,,,,,,8183187308820,50040826528020,,,,fixed-amount,767.24
21219,Suppli,active,"Customer Tags",Suppli,Suppli,"Specific products",TRUE,,8183111450900,49448484995348,,"2025-05-13 22:05:02",,fixed-amount,339.00
21219,,,,,,,,,8183098900756,49448465989908,,,,fixed-amount,262.00
21219,,,,,,,,,8183107518740,49448477294868,,,,fixed-amount,379.31
21219,,,,,,,,,8183116267796,49448486699284,,,,fixed-amount,162.93
21219,,,,,,,,,8183114367252,49448485683476,,,,fixed-amount,168.10
21219,,,,,,,,,8183111123220,49448486732052,,,,fixed-amount,377.00
21219,,,,,,,,,8183111909652,49448485486868,,,,fixed-amount,959.0
21219,,,,,,,,,8183115415828,49448484962580,,,,fixed-amount,420.00
21219,,,,,,,,,8183118430484,49448491581716,,,,fixed-amount,430.17
21219,,,,,,,,,8990680318228,50040804245780,,,,fixed-amount,405.17
21219,,,,,,,,,8183180886292,50040823218452,,,,fixed-amount,440.00
19958,Anonimo,active,"Customer Tags",Anonimo,,"Specific products",TRUE,,8183098900756,49448465989908,,"2025-04-25 00:04:50",,fixed-amount,262
19958,,,,,,,,,8183107780884,49448477557012,,,,fixed-amount,330.00
19958,,,,,,,,,8183108534548,49448478540052,,,,fixed-amount,758.62
19958,,,,,,,,,8183109648660,49448479883540,,,,fixed-amount,407.00
19958,,,,,,,,,8183111123220,49448486732052,,,,fixed-amount,377.00
19958,,,,,,,,,8183111450900,49448484995348,,,,fixed-amount,339.00
19958,,,,,,,,,8183111975188,49448485617940,,,,fixed-amount,465.00
19958,,,,,,,,,8183124721940,49597982310676,,,,fixed-amount,135.00
19958,,,,,,,,,8183180427540,50040823120148,,,,fixed-amount,254.31
19958,,,,,,,,,8183107518740,49448477294868,,,,fixed-amount,392.24
19958,,,,,,,,,8990681104660,50040806867220,,,,fixed-amount,522.00
19958,,,,,,,,,8183175414036,49448466088212,,,,fixed-amount,224
19268,Feral,active,"Customer Tags",Feral,,"Specific products",TRUE,,8183109648660,49448479883540,,"2025-04-14 19:04:15",,fixed-amount,407.00
19268,,,,,,,,,8183098900756,49448465989908,,,,fixed-amount,262.00
19268,,,,,,,,,8183175414036,49448466088212,,,,fixed-amount,224.00
19268,,,,,,,,,8183111123220,49448486732052,,,,fixed-amount,377.00
19268,,,,,,,,,8183124721940,49597982310676,,,,fixed-amount,135.00
19268,,,,,,,,,8183117578516,49448488567060,,,,fixed-amount,525.00
19268,,,,,,,,,8183118135572,49448490270996,,,,fixed-amount,390.00
19268,,,,,,,,,8183118430484,49448491581716,,,,fixed-amount,440
19268,,,,,,,,,8183178658068,50040822071572,,,,fixed-amount,477.00
19268,,,,,,,,,8183180427540,50040823120148,,,,fixed-amount,246.79
19268,,,,,,,,,8183187374356,50040826560788,,,,fixed-amount,737.80
19268,,,,,,,,,8183137206548,50040810799380,,,,fixed-amount,552.00
19268,,,,,,,,,8183139565844,50040813093140,,,,fixed-amount,510.00
17774,"San Angel Inn",active,"Customer Tags","San Angel Inn",,"Specific products",TRUE,,8183098900756,49448465989908,,"2025-03-21 20:03:24",,fixed-amount,245.00
17774,,,,,,,,,8183121215764,49448496070932,,,,fixed-amount,402
17774,,,,,,,,,8990680416532,50040804344084,,,,fixed-amount,680
17774,,,,,,,,,8183135371540,50040808964372,,,,fixed-amount,238
17774,,,,,,,,,8183138550036,50040812208404,,,,fixed-amount,6850
17774,,,,,,,,,8183106732308,49448476311828,,,,fixed-amount,312.00
17774,,,,,,,,,8183117086996,49448489222420,,,,fixed-amount,276
17774,,,,,,,,,8183180886292,50040823218452,,,,fixed-amount,415
17774,,,,,,,,,8183165419796,50040851890452,,,,fixed-amount,755
17774,,,,,,,,,8183175414036,49448466088212,,,,fixed-amount,221.33
17774,,,,,,,,,8183175512340,49448466186516,,,,fixed-amount,189.66
17774,,,,,,,,,8183187374356,50040826560788,,,,fixed-amount,660
17774,,,,,,,,,8183137206548,50040810799380,,,,fixed-amount,550
17774,,,,,,,,,8183117578516,49448488567060,,,,fixed-amount,510.00
17774,,,,,,,,,8183180427540,50040823120148,,,,fixed-amount,220.69
17774,,,,,,,,,8183118430484,49448491581716,,,,fixed-amount,425
17774,,,,,,,,,8183132520724,50040805359892,,,,fixed-amount,323.28
17774,,,,,,,,,8183107780884,49448477557012,,,,fixed-amount,310
17774,,,,,,,,,8183115415828,49448484962580,,,,fixed-amount,415
17774,,,,,,,,,8183108534548,49448478540052,,,,fixed-amount,715.00
17774,,,,,,,,,8183109648660,49448479883540,,,,fixed-amount,399.00
17774,,,,,,,,,8183110664468,50040839799060,,,,fixed-amount,278.00
17774,,,,,,,,,8183111942420,49448485519636,,,,fixed-amount,999
17774,,,,,,,,,8183111450900,49448484995348,,,,fixed-amount,327.00
17774,,,,,,,,,8183132619028,50040805523732,,,,fixed-amount,305.00
17774,,,,,,,,,8183132815636,50040805720340,,,,fixed-amount,722
17774,,,,,,,,,8990681071892,50040806736148,,,,fixed-amount,460.73
17774,,,,,,,,,8990681104660,50040806867220,,,,fixed-amount,530
17774,,,,,,,,,8183135273236,50040808898836,,,,fixed-amount,250
17774,,,,,,,,,8581251531028,50040813125908,,,,fixed-amount,592.24
17774,,,,,,,,,8183191929108,50040828723476,,,,fixed-amount,1275.00
17774,,,,,,,,,8183127146772,49448502034708,,,,fixed-amount,282.50
17774,,,,,,,,,8183107518740,49448477294868,,,,fixed-amount,302.00
17774,,,,,,,,,8183118135572,49448490270996,,,,fixed-amount,366.38
17774,,,,,,,,,8183124754708,49448499249428,,,,fixed-amount,158
16014,Erre,active,"Customer Tags",Erre,,"Specific products",TRUE,,8183111123220,49448486732052,,"2025-02-25 17:02:26",,fixed-amount,379.31
16014,,,,,,,,,8183111450900,49448484995348,,,,fixed-amount,349.14
16014,,,,,,,,,8183098900756,49448465989908,,,,fixed-amount,262.00
16014,,,,,,,,,8183143825684,50040831639828,,,,fixed-amount,150.86
16014,,,,,,,,,8183137206548,50040810799380,,,,fixed-amount,552.00
16014,,,,,,,,,8183180427540,50040823120148,,,,fixed-amount,257.76
16014,,,,,,,,,8183107518740,49448477294868,,,,fixed-amount,387.93
16014,,,,,,,,,8183187374356,50040826560788,,,,fixed-amount,775.00
16014,,,,,,,,,8183118397716,49448491548948,,,,fixed-amount,638
16014,,,,,,,,,8183124754708,49448499249428,,,,fixed-amount,174.14
16014,,,,,,,,,8183127146772,49448502034708,,,,fixed-amount,306.03
14912,Martinez,active,"Customer Tags",Martinez,,"Specific products",TRUE,,8183137206548,50040810799380,,"2025-02-12 17:02:41",,fixed-amount,552.00
14912,,,,,,,,,8183132651796,50040805490964,,,,fixed-amount,262.93
14912,,,,,,,,,8183107518740,49448477294868,,,,fixed-amount,344.83
14912,,,,,,,,,8183109091604,49448479097108,,,,fixed-amount,995.00
14912,,,,,,,,,8183127146772,49448502034708,,,,fixed-amount,304.97
14912,,,,,,,,,8183180427540,50040823120148,,,,fixed-amount,246.79
14912,,,,,,,,,8183187374356,50040826560788,,,,fixed-amount,750.00
14912,,,,,,,,,8183098900756,49448465989908,,,,fixed-amount,271.55
14912,,,,,,,,,8183106732308,49448476311828,,,,fixed-amount,315.00
14912,,,,,,,,,8183111450900,49448484995348,,,,fixed-amount,339.00
14912,,,,,,,,,8183111123220,49448486732052,,,,fixed-amount,377.00
13486,Cueva,active,"Customer Tags",Cueva,,"Specific products",TRUE,,8183098900756,49448465989908,,"2025-01-22 16:01:10",,fixed-amount,271.55
13486,,,,,,,,,8183107518740,49448477294868,,,,fixed-amount,370.69
13486,,,,,,,,,8183111123220,49448486732052,,,,fixed-amount,383.62
13486,,,,,,,,,8183118135572,49448490270996,,,,fixed-amount,390.00
13486,,,,,,,,,8183127146772,49448502034708,,,,fixed-amount,304.97
13486,,,,,,,,,8183132487956,49448508129556,,,,fixed-amount,268.43
13486,,,,,,,,,8183137206548,49448514584852,,,,fixed-amount,552.00
13486,,,,,,,,,8183139565844,49448517337364,,,,fixed-amount,510.00
13486,,,,,,,,,8183143825684,49448527757588,,,,fixed-amount,150.86
13486,,,,,,,,,8183180427540,49448570454292,,,,fixed-amount,246.79
13486,,,,,,,,,8183187374356,49448574419220,,,,fixed-amount,767.24
13128,Norman,active,"Customer Tags",Norman,,"Specific products",TRUE,,8183107518740,49448477294868,,"2025-01-16 21:01:26",,fixed-amount,409.48
13128,,,,,,,,,8183111123220,49448486732052,,,,fixed-amount,398.28
13128,,,,,,,,,8183111450900,49448484995348,,,,fixed-amount,340.52
13128,,,,,,,,,8183111975188,49448485617940,,,,fixed-amount,508.62
13128,,,,,,,,,8183113613588,49448486404372,,,,fixed-amount,351.72
13128,,,,,,,,,8183124754708,49448499249428,,,,fixed-amount,191.90
13128,,,,,,,,,8183180427540,49448570454292,,,,fixed-amount,258.62
13128,,,,,,,,,8183180427540,50040823120148,,,,fixed-amount,258.62
9127,"Grupo FGG",,"Customer Tags","Grupo FGG",,"Specific products",TRUE,,8183098900756,49448465989908,,"2024-11-14 01:11:57",,fixed-amount,262.93
9127,,,,,,,,,8183107518740,49448477294868,,,,fixed-amount,335
9127,,,,,,,,,8183111123220,49448486732052,,,,fixed-amount,362.07
9127,,,,,,,,,8183127146772,49448502034708,,,,fixed-amount,284.48
9127,,,,,,,,,8183132651796,49448508227860,,,,fixed-amount,258.62
9127,,,,,,,,,8183137206548,49448514584852,,,,fixed-amount,577.59
9127,,,,,,,,,8581267292436,49448563802388,,,,fixed-amount,211.21
9127,,,,,,,,,8183184294164,49448572846356,,,,fixed-amount,586.21
9127,,,,,,,,,8183187374356,49448574419220,,,,fixed-amount,711.21
7685,Gaba,active,"Customer Tags",Gaba,,"Specific products",TRUE,,8183107518740,49448477294868,,"2024-10-22 17:10:50",,fixed-amount,379.31
7685,,,,,,,,,8183111123220,49448486732052,,,,fixed-amount,383.62
7685,,,,,,,,,8183127146772,49448502034708,,,,fixed-amount,336.21
7685,,,,,,,,,8183180427540,49448570454292,,,,fixed-amount,250.00
7685,,,,,,,,,8183180427540,50040823120148,,,,fixed-amount,250.00
7685,,,,,,,,,8183187374356,49448574419220,,,,fixed-amount,762.93
7685,,,,,,,,,8183187374356,50040826560788,,,,fixed-amount,762.93
7633,Freims,active,"Customer Tags",Freims,,"Specific products",TRUE,,8183111123220,49448486732052,,"2024-10-21 21:10:38",,fixed-amount,379.31
7633,,,,,,,,,8183111450900,49448484995348,,,,fixed-amount,339.00
7633,,,,,,,,,8183118135572,49448490270996,,,,fixed-amount,392.24
7633,,,,,,,,,8183132651796,49448508227860,,,,fixed-amount,259.52
7633,,,,,,,,,8183098900756,49448465989908,,,,fixed-amount,258.62
7633,,,,,,,,,8183143825684,49448527757588,,,,fixed-amount,145.00
7633,,,,,,,,,8183116267796,49448486699284,,,,fixed-amount,159.48
7633,,,,,,,,,8183107518740,49448477294868,,,,fixed-amount,353.45
7633,,,,,,,,,8183175512340,49448466186516,,,,fixed-amount,206.90
7166,Gruta,,"Customer Tags",Gruta,,"Specific products",TRUE,,8183132520724,49448508162324,,"2024-10-12 00:10:58",,fixed-amount,335
7166,,,,,,,,,8183143825684,49448527757588,,,,fixed-amount,145
7166,,,,,,,,,8183111450900,49448484995348,,,,fixed-amount,345
7166,,,,,,,,,8183098900756,49448465989908,,,,fixed-amount,275
7166,,,,,,,,,8183132619028,49448508260628,,,,fixed-amount,335
7166,,,,,,,,,8990681104660,49448508752148,,,,fixed-amount,540
7166,,,,,,,,,8183187308820,49448574353684,,,,fixed-amount,991.38
6020,Salazar,active,"Customer Tags",Salazar,,"Specific products",TRUE,,8183098900756,49448465989908,,"2024-09-17 17:09:00",,fixed-amount,262.00
6020,,,,,,,,,8183108534548,49448478540052,,,,fixed-amount,731.00
6020,,,,,,,,,8183111123220,49448486732052,,,,fixed-amount,379.31
6020,,,,,,,,,8183132487956,49448508129556,,,,fixed-amount,270.82
6020,,,,,,,,,8183132651796,49448508227860,,,,fixed-amount,270.82
6020,,,,,,,,,8183137206548,49448514584852,,,,fixed-amount,560.34
6020,,,,,,,,,8183180427540,49448570454292,,,,fixed-amount,246.79
6020,,,,,,,,,8183187374356,49448574419220,,,,fixed-amount,775.86
5662,Merotoro,active,"Customer Tags",Merotoro,,"Specific products",TRUE,,8183111123220,49448486732052,,"2024-09-10 18:09:41",,fixed-amount,383.62
5662,,,,,,,,,8183111450900,49448484995348,,,,fixed-amount,339.00
5662,,,,,,,,,8183098900756,49448465989908,,,,fixed-amount,275.00
5662,,,,,,,,,8183107518740,49448477294868,,,,fixed-amount,405.00
5662,,,,,,,,,8183108534548,49448478540052,,,,fixed-amount,775.00
5662,,,,,,,,,8183180427540,49448570454292,,,,fixed-amount,265.00
5662,,,,,,,,,8183180427540,50040823120148,,,,fixed-amount,265.00
5662,,,,,,,,,8581267292436,49448563802388,,,,fixed-amount,245.00
5662,,,,,,,,,8581267292436,50040820924692,,,,fixed-amount,245.00
5662,,,,,,,,,8183127146772,49448502034708,,,,fixed-amount,350.00
3459,MCS,active,"Customer Tags",MCS,,"Specific products",TRUE,,8183108534548,49448478540052,,"2024-07-25 00:07:14",,fixed-amount,767.24
3459,,,,,,,,,8183139565844,50040813093140,,,,fixed-amount,510.00
2385,MINUTITO,active,"Customer Tags",MINUTITO,,"Specific products",TRUE,,8183107518740,44704164053268,,"2024-07-24 23:07:41",,fixed-amount,390.00
2385,,,,,,,,,8183111123220,44704168444180,,,,fixed-amount,377.00
2385,,,,,,,,,8183180427540,44704272580884,,,,fixed-amount,246.79
2385,,,,,,,,,8183187374356,44704282050836,,,,fixed-amount,830.00
2385,,,,,,,,,8183108534548,44704165298452,,,,fixed-amount,800.00
2385,,,,,,,,,8183111450900,44704169034004,,,,fixed-amount,345.00
2186,"Precios Zeru",,"Customer Tags",ZERU,,"Specific products",TRUE,,9430217818388,48945365221652,,,,amount,30
2186,,,,,,,,,8645509382420,46691355001108,,,,fixed-amount,389.8
2186,,,,,,,,,8183098900756,44704151470356,,,,fixed-amount,258.62
2186,,,,,,,,,8183184294164,44704278020372,,,,fixed-amount,577.79
2186,,,,,,,,,8183180427540,44704272580884,,,,fixed-amount,237.1
2186,,,,,,,,,8183139565844,44704204980500,,,,fixed-amount,508.62
2186,,,,,,,,,8183132651796,44704196919572,,,,fixed-amount,258.62
2186,,,,,,,,,8183107518740,44704164053268,,,,fixed-amount,353.4
2186,,,,,,,,,8183108534548,44704165298452,,,,fixed-amount,767.2
2186,,,,,,,,,8183111123220,44704168444180,,,,fixed-amount,387.9
